{"cameraMode":{"drawMode":0,"name":"Shaded","section":"Shading Mode"},"sceneLighting":false,"audioPlay":false,"sceneViewState":{"m_AlwaysRefresh":false,"showFog":true,"showSkybox":false,"showFlares":true,"showImageEffects":true,"showParticleSystems":true,"showVisualEffectGraphs":true,"m_FxEnabled":true},"in2DMode":false,"pivot":{"x":-0.20298361778259278,"y":0.5178543329238892,"z":0.38225746154785159},"rotation":{"x":0.003597659757360816,"y":0.9946557879447937,"z":-0.09609337896108628,"w":0.037303511053323749},"size":1.2247449159622193,"orthographic":false}