{"cameraMode":{"drawMode":0,"name":"Shaded","section":"Shading Mode"},"sceneLighting":true,"audioPlay":false,"sceneViewState":{"m_AlwaysRefresh":false,"showFog":true,"showSkybox":true,"showFlares":true,"showImageEffects":true,"showParticleSystems":true,"showVisualEffectGraphs":true,"m_FxEnabled":true},"in2DMode":false,"pivot":{"x":82.3071060180664,"y":33.28136444091797,"z":131.64601135253907},"rotation":{"x":0.002007672330364585,"y":0.9977949857711792,"z":-0.055744994431734088,"w":0.035921983420848849},"size":1.2247449159622193,"orthographic":false}